Workbook
Name anos: Simulador!$E$13
Name aporte: Simulador!$E$12
Name aporte_sugerido: Simulador!$E$8
Name patrimonio: Simulador!$E$16
Name pct_aporte: Simulador!$E$7
Name perfil_sel: Simulador!$E$9
Name perfis: Apoio!$F$2:$F$4
Name salario: Simulador!$E$5
Name tabela_perfis: Apoio!$A$2:$D$19
Name taxa_mensal: Simulador!$E$6

Sheet Simulador
B2: SIMULADOR DE FUNDOS IMOBILIÁRIOS
B4: CONFIGURAÇÕES
B5: Salário mensal (R$) | E5: 8000
B6: Rendimento mensal da carteira | E6: 0.008
B7: % do salário destinado ao aporte | E7: 0.2
B8: Aporte sugerido (R$) | E8: =salario*pct_aporte -> 1600
B9: Perfil do investidor | E9: Conservador
B11: SIMULAÇÃO
B12: Quanto investir por mês (R$) | E12: 1600
B13: Por quantos anos | E13: 20
B14: Taxa de rendimento mensal | E14: =taxa_mensal -> 0.008
B15: Total investido (R$) | E15: =aporte*anos*12 -> 384000
B16: Patrimônio acumulado (R$) | E16: =FV(taxa_mensal,anos*12,-aporte) -> 1153810
B17: Rendimento acumulado (R$) | E17: =E16-E15 -> 769809.95
B18: Dividendos por mês (R$) | E18: =E16*taxa_mensal -> 9230.4796
B20: CENÁRIOS DE 2 A 30 ANOS
B21: Anos | C21: Total investido | D21: Patrimônio | E21: Dividendos por mês
B22: 2 | C22: =aporte*B22*12 -> 38400 | D22: =FV(taxa_mensal,B22*12,-aporte) -> 42149.048 | E22: =D22*taxa_mensal -> 337.19239
B23: 5 | C23: =aporte*B23*12 -> 96000 | D23: =FV(taxa_mensal,B23*12,-aporte) -> 122598.19 | E23: =D23*taxa_mensal -> 980.7855
B24: 10 | C24: =aporte*B24*12 -> 192000 | D24: =FV(taxa_mensal,B24*12,-aporte) -> 320347.95 | E24: =D24*taxa_mensal -> 2562.7836
B25: 20 | C25: =aporte*B25*12 -> 384000 | D25: =FV(taxa_mensal,B25*12,-aporte) -> 1153810 | E25: =D25*taxa_mensal -> 9230.4796
B26: 30 | C26: =aporte*B26*12 -> 576000 | D26: =FV(taxa_mensal,B26*12,-aporte) -> 3322261.2 | E26: =D26*taxa_mensal -> 26578.089
B28: ="DIVISÃO DO APORTE - PERFIL "&UPPER(perfil_sel) -> DIVISÃO DO APORTE - PERFIL CONSERVADOR
B29: Tipo de fundo | D29: % do aporte | E29: Valor (R$)
B30: =Apoio!H2 -> Logística | D30: =VLOOKUP(perfil_sel&"|"&B30,tabela_perfis,4,0) -> 0.15 | E30: =aporte*D30 -> 240
B31: =Apoio!H3 -> Lajes corporativas | D31: =VLOOKUP(perfil_sel&"|"&B31,tabela_perfis,4,0) -> 0.1 | E31: =aporte*D31 -> 160
B32: =Apoio!H4 -> Shoppings | D32: =VLOOKUP(perfil_sel&"|"&B32,tabela_perfis,4,0) -> 0.1 | E32: =aporte*D32 -> 160
B33: =Apoio!H5 -> Papel (CRI) | D33: =VLOOKUP(perfil_sel&"|"&B33,tabela_perfis,4,0) -> 0.4 | E33: =aporte*D33 -> 640
B34: =Apoio!H6 -> Fundo de fundos | D34: =VLOOKUP(perfil_sel&"|"&B34,tabela_perfis,4,0) -> 0.15 | E34: =aporte*D34 -> 240
B35: =Apoio!H7 -> Híbridos | D35: =VLOOKUP(perfil_sel&"|"&B35,tabela_perfis,4,0) -> 0.1 | E35: =aporte*D35 -> 160
B36: Total | D36: =SUM(D30:D35) -> 1 | E36: =SUM(E30:E35) -> 1600
B37: Checagem (perfil soma 100%) | D37: =IF(ABS(D36-1)<0.0001,"OK","Revisar aba Apoio") -> OK

Sheet Apoio
A1: Chave | B1: Perfil | C1: Tipo de fundo | D1: % do aporte | F1: Perfis (lista) | H1: Tipos de fundo | J1: Perfil | K1: Soma % | L1: Status
A2: =B2&"|"&C2 -> Conservador|Logística | B2: Conservador | C2: Logística | D2: 0.15 | F2: Conservador | H2: Logística | J2: =F2 -> Conservador | K2: =SUMIF($B$2:$B$19,J2,$D$2:$D$19) -> 1 | L2: =IF(ABS(K2-1)<0.0001,"OK","Revisar: não soma 100%") -> OK
A3: =B3&"|"&C3 -> Conservador|Lajes corporativas | B3: Conservador | C3: Lajes corporativas | D3: 0.1 | F3: Moderado | H3: Lajes corporativas | J3: =F3 -> Moderado | K3: =SUMIF($B$2:$B$19,J3,$D$2:$D$19) -> 1 | L3: =IF(ABS(K3-1)<0.0001,"OK","Revisar: não soma 100%") -> OK
A4: =B4&"|"&C4 -> Conservador|Shoppings | B4: Conservador | C4: Shoppings | D4: 0.1 | F4: Arrojado | H4: Shoppings | J4: =F4 -> Arrojado | K4: =SUMIF($B$2:$B$19,J4,$D$2:$D$19) -> 1 | L4: =IF(ABS(K4-1)<0.0001,"OK","Revisar: não soma 100%") -> OK
A5: =B5&"|"&C5 -> Conservador|Papel (CRI) | B5: Conservador | C5: Papel (CRI) | D5: 0.4 | H5: Papel (CRI)
A6: =B6&"|"&C6 -> Conservador|Fundo de fundos | B6: Conservador | C6: Fundo de fundos | D6: 0.15 | H6: Fundo de fundos
A7: =B7&"|"&C7 -> Conservador|Híbridos | B7: Conservador | C7: Híbridos | D7: 0.1 | H7: Híbridos
A8: =B8&"|"&C8 -> Moderado|Logística | B8: Moderado | C8: Logística | D8: 0.2
A9: =B9&"|"&C9 -> Moderado|Lajes corporativas | B9: Moderado | C9: Lajes corporativas | D9: 0.1
A10: =B10&"|"&C10 -> Moderado|Shoppings | B10: Moderado | C10: Shoppings | D10: 0.2
A11: =B11&"|"&C11 -> Moderado|Papel (CRI) | B11: Moderado | C11: Papel (CRI) | D11: 0.25
A12: =B12&"|"&C12 -> Moderado|Fundo de fundos | B12: Moderado | C12: Fundo de fundos | D12: 0.15
A13: =B13&"|"&C13 -> Moderado|Híbridos | B13: Moderado | C13: Híbridos | D13: 0.1
A14: =B14&"|"&C14 -> Arrojado|Logística | B14: Arrojado | C14: Logística | D14: 0.25
A15: =B15&"|"&C15 -> Arrojado|Lajes corporativas | B15: Arrojado | C15: Lajes corporativas | D15: 0.15
A16: =B16&"|"&C16 -> Arrojado|Shoppings | B16: Arrojado | C16: Shoppings | D16: 0.25
A17: =B17&"|"&C17 -> Arrojado|Papel (CRI) | B17: Arrojado | C17: Papel (CRI) | D17: 0.1
A18: =B18&"|"&C18 -> Arrojado|Fundo de fundos | B18: Arrojado | C18: Fundo de fundos | D18: 0.15
A19: =B19&"|"&C19 -> Arrojado|Híbridos | B19: Arrojado | C19: Híbridos | D19: 0.1
